provider,"client_type","spin_type","unit_name","total_spins","unique_users","total_win","total_lose","win_rate"
"booming_games",app,regular,sweep,1184,25,365,819,"30.83%"
"booming_games",app,"free_spin",sweep,118,8,50,68,"42.37%"
"booming_games",app,regular,gold,59,2,12,47,"20.34%"
"booming_games",app,"free_spin",gold,22,1,9,13,"40.91%"
"booming_games",web,regular,sweep,5875,60,1805,4070,"30.72%"
"booming_games",web,regular,gold,1739,7,484,1255,"27.83%"
"booming_games",web,"free_spin",sweep,711,14,131,580,"18.42%"
"booming_games",web,"free_spin",gold,392,3,51,341,"13.01%"
ps,app,regular,sweep,1896,62,445,1451,"23.47%"
ps,app,regular,gold,405,8,100,305,"24.69%"
ps,app,"free_spin",sweep,29,11,29,0,"100.00%"
ps,app,"buy_bonus",sweep,5,1,5,0,"100.00%"
ps,app,"free_spin",gold,3,2,3,0,"100.00%"
ps,web,regular,sweep,5654,144,1236,4418,"21.86%"
ps,web,regular,gold,818,15,166,652,"20.29%"
ps,web,"free_spin",sweep,105,32,105,0,"100.00%"
ps,web,"free_spin",gold,12,4,12,0,"100.00%"
rgs,app,regular,sweep,2533,34,640,1893,"25.27%"
rgs,app,"buy_bonus",sweep,77,1,77,0,"100.00%"
rgs,app,regular,gold,32,1,8,24,"25.00%"
rgs,web,regular,sweep,4384,77,1115,3269,"25.43%"
rgs,web,regular,gold,59,7,17,42,"28.81%"
rgs,web,"buy_bonus",gold,18,1,18,0,"100.00%"
rgs,web,"buy_bonus",sweep,13,4,13,0,"100.00%"
"ruby_play",app,regular,sweep,622,10,247,375,"39.71%"
"ruby_play",app,regular,gold,28,2,9,19,"32.14%"
"ruby_play",app,"buy_bonus",sweep,7,1,7,0,"100.00%"
"ruby_play",web,regular,sweep,6326,26,2526,3800,"39.93%"
"ruby_play",web,regular,gold,47,3,30,17,"63.83%"
"ruby_play",web,"buy_bonus",sweep,2,1,2,0,"100.00%"
